﻿grupo_id,codigo_grupo,nombre_grupo,estado
75AC83F9-D5BD-4644-A363-02CD5CD42756,COL,COL,1
1A1942DB-F360-4FAF-84DE-0317E366CCAF,DIS,DIS,1
66119939-7821-4ACB-92C0-048F3B19B2F9,QBF,QBF,1
E6D68F89-7906-4C1D-9442-082193859055,4LO,4LO,1
6A5F44E9-F1D9-4847-820E-08981583DAD1,DRO,DRO,1
87D4AB46-4F10-4C8E-B098-0BAFC25B4704,TIG,TIG,1
F28DDA2C-2D4D-4873-9295-0C2FCC11C72A,ADI,ADI,1
11FB9F7E-5B12-4136-926F-0D0CBC2F55AD,PNI,PNI,1
EC42FDF8-1A22-40A6-9595-10529A40B769,DCH,DCH,1
84C21B86-46F1-43FF-BE62-108E46F7E624,TEV,TEV,1
AB8A15D5-5C69-46D7-AEF7-14DD2730B9BE,ETE,ETE,1
0DCE737F-A5DB-4C7C-BBD3-163C8A675ED7,COR,COR,1
839F1881-6215-4CB3-8AFC-19D7BA99CB5A,MFA,MFA,1
C192C105-C7D6-40EB-A9C6-1B1CB87C5B14,SRR,SRR,1
B2F45991-0F60-4915-86B8-1BA1409DA512,CLP,CLP,1
040D3F5E-ED90-4735-9582-1D5D2310394D,MAJ,MAJ,1
CE3F6B25-70E2-4474-A4AE-1E7EF60807EF,K&M,K&M,1
1B7DFF0E-BBA9-4AFB-82D5-219A13241544,RTD,RTD,1
FDB874A4-5A85-4773-8F77-229A1D77B6BA,FIN,FIN,1
271BA0BD-F6EB-462A-8328-23F519321DA5,PRO,PRO,1
829D8741-4308-4F29-A6CE-2413390417C6,COP,COP,1
DA7D9F99-F547-409A-9FD9-24655A614296,PRE,PRE,1
F1462BF3-A62A-4001-B2DE-25DBA88D0415,CSA,CSA,1
9617F4E3-0A2C-4D28-B720-268A9B9EA0A9,VER,VER,1
3E59EBD1-5923-44EF-8D78-28C6F975D102,MAK,MAK,1
E93A487F-DD66-438E-A285-2A42A725FEA4,DES,DES,1
1984737B-93E9-4060-A0F7-2BD05A40851B,T&C,T&C,1
159EE478-E57A-4A75-BAD6-2DD0A05686C6,PRP,PRP,1
16BBB6F1-DCD6-43C5-81F3-3362B5E957B7,ELI,ELI,1
7ECF6235-2B98-4CAD-8D48-33D8237144B5,PFA,PFA,1
3835A867-2629-45ED-8958-34C43EDAD93F,COA,COA,1
DEFE8834-802A-44B3-B2ED-34FF8A646782,BIM,BIM,1
B36F310F-891F-4062-9500-35C126345594,ZCG,ZCG,1
F3C016CA-CC6E-4281-946B-364F3AB9867A,CDL,CDL,1
C87EA7F0-53E0-4AC8-A40F-3672489FF925,RPD,RPD,1
710DFE5B-0695-47C6-9EB2-3685B5B1AC54,NES,NES,1
22286F5E-DD89-4962-A6AC-37EF5B89CB27,JUI,JUI,1
6810A134-E5E5-42EF-B383-3C93300960D5,OXI,OXI,1
BE440ECB-1448-4A0F-BD4F-3C95EE41D4AB,DSC,DSC,1
AEEDCEC8-F0B0-4527-AF74-3CF4170128B1,AGA,AGA,1
36CDDDD9-4DEF-4343-A604-3D4F27116437,PRD,PRD,1
76602939-5F43-4CF8-AA7D-3D9CAA9DA87B,TCM,TCM,1
50BD4D6F-9EA6-4DFD-8A37-3DF6A4EDBAB8,ALC,ALC,1
B41C2041-4BD0-49E0-8EBA-3DF8E848EE62,ALI,ALI,1
69166F88-12BB-4374-A932-3FB08F4101E4,SQL,SQL,1
67E3A2B5-4E34-4B41-AE18-44DC8BE5D4D5,DUP,DUP,1
6D656C72-8DD9-4049-B790-453EA1F94356,KIM,KIM,1
E24D1D65-C668-4145-B672-457649B816DF,VAR,VAR,1
46BB1337-4FA6-433F-A497-45A2B54A32D4,AMR,AMR,1
04C61DA4-E24B-46B2-AE01-46FC4CBBCF65,FPE,FPE,1
E8EC7564-8F74-41A2-A7C8-49EF15C50C80,ALF,ALF,1
50FA1159-1506-438F-BA35-4B8F796C72BE,LOR,LOR,1
10154787-4035-4E37-AC63-4BF0A06BC078,ADM,ADM,1
700BB1E7-89B2-4489-878A-4BFBBA06D4E6,AGR,AGR,1
8FE11CCF-1472-4138-9AFC-4CFF44C2B337,AND,AND,1
EB74949B-061B-4FF0-BB80-4EA0DB5C07DE,C19,C19,1
75E5C75E-4680-4467-94D8-50EA705F30B7,MAV,MAV,1
F2EDD3FF-E4EA-4A84-A376-5131D827C850,DAN,DAN,1
1AEFF880-090A-4A7F-AD11-539EA080F806,PRR,PRR,1
717D1E58-8876-4473-9428-53A19F9FE9DD,SAY,SAY,1
796B3C88-E247-42D3-BD18-5BD269A32A0D,CGC,CGC,1
1D56D6DB-0756-4D64-840E-5BFD6F1ECE42,QSZ,QSZ,1
48BE9524-C3E5-471A-AC8C-5D32D8444121,AME,AME,1
EAB0009C-0607-464D-85DE-5D68EBCC4967,JOH,JOH,1
EE1DC696-7685-4683-A486-5D83BE10E256,ATE,ATE,1
EEA909F4-75F0-4774-853C-624256E4F710,LAV,LAV,1
59535931-FC75-41CD-B9C8-6268DA0B5C5E,ARF,ARF,1
3B95F5CC-4072-4437-B73C-63F5346B6B5B,MKS,MKS,1
D7EE33D0-C831-4D75-AC26-64ED212B2607,HPP,HPP,1
0848E9FE-EB1C-40F2-8C91-659A5A24D2AC,EFI,EFI,1
A474CA55-9A3E-4220-816B-65B7F97695DE,OTR,OTR,1
1BDE84D7-9BF9-4E44-973C-685840C57D42,ROY,ROY,1
213E62FB-4DCF-480D-9A22-68999710161F,UNI,UNI,1
3DBFC90C-2A85-4E26-A359-69FE5D3A26ED,SUP,SUP,1
11E2EA16-37CC-4922-824C-6A98B86261C7,NEG,NEG,1
1B7956F2-3AD5-4AA2-B85C-6C2BA63D7C80,NSD,NSD,1
EE54E9D4-FED3-429B-93DB-6D1535003346,NKF,NKF,1
3A120315-34CD-4542-998C-6EF1BC36ECB6,MAR,MAR,1
4E76074B-D882-4605-A3DE-6F7EF83160EA,SAN,SAN,1
54FDE46F-6E09-47E3-8FD2-6FF859F0387B,ISM,ISM,1
BE0B1C74-DC0E-4D09-B187-71A1C86DC74A,NPU,NPU,1
4806B275-4C0A-44DD-A6D6-7308C7478758,SAL,SAL,1
20EAC1E5-BE91-4DE9-BF20-73B78737BAD8,GUR,GUR,1
B5071599-6D80-4046-AC1C-73FA91B483F5,GCP,GCP,1
5226DE8D-21FA-4E5D-B1B5-740E6F998770,ART,ART,1
085C62E5-A754-4586-B2C4-741A0CDF26CA,CEC,CEC,1
BA33EBDD-BCBE-44DA-BF9E-7543812CEDC0,OCU,OCU,1
7C177FA4-BA66-4F81-9DAE-76B7CA2203DE,MOL,MOL,1
04E4EFA2-29DC-4D7B-9A22-77C00B64CD11,CLX,CLX,1
DF3F0976-CF59-4DD9-B2D2-79F58A943485,NNT,NNT,1
69ABD900-6B4C-493D-8405-7A28DF0D1428,HAY,HAY,1
4BDCD572-91B0-4086-B161-7AC90A51E474,REA,REA,1
ACD6E132-1BD3-4DAE-B2E0-7BB82DB8AF33,PAN,PAN,1
D399653D-74DB-459A-AE77-7CC37913C01C,BDF,BDF,1
10C9A50E-D058-48B5-A8C8-7D280CA3F8C2,DDJ,DDJ,1
283070A4-F3E8-41B9-9ECF-7F0B92F69826,AVV,AVV,1
4795FB79-A30A-4CE4-BD28-7F814F86FDE2,CAR,CAR,1
F03B2EA4-2F85-4D99-9825-808A2285F556,MIL,MIL,1
8EE9729E-38FE-46B6-807E-8142B1764B32,JYA,JYA,1
730B2644-406E-44E7-AC71-8523520A43FD,MMP,MMP,1
248BBCF2-4387-41F2-9E36-85B707B4356D,GSK,GSK,1
60741A1C-0D6D-4AFD-B7A8-86D881B142D2,IMV,IMV,1
56950282-71E4-4173-A87A-880FB368F207,CGD,CGD,1
1F44AD47-13FD-4907-9E4B-8983E45AC58A,A1,A1,1
A566E3E4-6A73-40C1-AF6D-899E7AC9EA6B,ADA,ADA,1
DC4BB66F-C2E9-414D-B9D8-8BA19D63AD67,OJR,OJR,1
AAB56BCD-1F22-469D-8A5E-8E028BF6959C,ZUR,ZUR,1
753636A6-D1AA-4011-A70F-8E255F14A4E4,MER,MER,1
39C60559-1F73-4A22-92C1-8F44383E3C4E,VIS,VIS,1
9F912BF0-E89F-4448-AC1E-92120DF9F920,DIS,DIS,1
FD9F08CA-29A5-4A64-82E7-92A29DE59AD9,IND,IND,1
C7AAF8A7-0641-4EE3-AADF-93F0A9BD068C,FAM,FAM,1
E65DE574-1441-40C2-B7D3-94FA42F8A960,VDC,VDC,1
16943EBA-C530-461E-AE1D-953EEBA05747,LIG,LIG,1
8F118668-2EFA-4F3A-9424-997103F60171,QUI,QUI,1
B2A6ED1C-4F37-4734-B7DE-9AB64D7F3D1B,DEL,DEL,1
2F03B655-43C4-4AFD-99F0-9B157B332205,PFB,PFB,1
695179A1-CF2F-4995-8E25-9BC38F8D1D35,B&D,B&D,1
E1C24772-DA9B-4AE7-9090-9BDF21E78E89,NNU,NNU,1
5C9AE38D-ECB3-46D7-B5C3-9CF2A82E6508,PRY,PRY,1
A6E523E0-ACF5-421A-8735-9FEB9E2F36FC,IAJ,IAJ,1
10A6501C-77A8-4E0C-8B24-A0645EFCD2ED,ARO,ARO,1
B5698740-4D45-4E35-9CD6-A22A1F654370,RGA,RGA,1
A1F06EA5-C3C2-495D-B13D-A2441B295B3E,XYZ,PROVEEDOR GENERICO - SOLO USO SISTEMA,1
78FBF52A-897C-4B4F-BB0B-A4A87A7A4C49,AGC,AGC,1
215DE029-A864-4FC4-8A84-A539D8D373E2,KLS,KLS,1
FACCF224-5F76-4173-B9D7-A5D01C1AF383,GCC,GCC,1
5E4BBCB6-5D83-4163-A99B-AC6732134F0A,KCP,KCP,1
C3C27F1F-0F60-4055-A162-ADDCA0ED03EE,ITN,ITN,1
C94F44CC-7077-43BD-A9BC-AE622996899E,DEC,DEC,1
E911EFBB-E6D0-461E-96AB-AEB071AFAF7F,XTR,XTR,1
0DEFDCA3-CB1C-417A-BB80-B0CDCCF94FC7,SAF,SAF,1
8F7A095A-C109-46B8-B0E4-B132E6902C13,GLB,GLB,1
77038770-36DB-43F1-A03E-B1EEDDDC92A2,ALO,ALO,1
90627D92-22C0-4BA9-9700-B3B7BCCCCEF3,DEN,DEN,1
5A40B6C3-2ABA-41DA-9236-B5B2359ACF96,DIF,DIF,1
C0D6D37F-3B57-4BFB-8911-B661DEF08917,RSA,RSA,1
082AE773-C585-4276-A501-B8DB46365D23,GLO,GLO,1
AC4D58B8-9A94-4F72-A71A-B8EBFF28B862,SAT,SAT,1
115E84FE-CEF1-4FDF-8E2D-BB9615ED00F4,LCK,LCK,1
A9B158BA-B4CF-4D9E-AA4F-BE3BE0736969,OFD,OFD,1
C407F4FE-77C7-47F9-9163-BF810FF26256,GJB,GJB,1
785D6EA7-FF10-41AB-836E-BF92B75781CF,SIG,SIG,1
687B576B-B10C-4FDC-8E01-C49BAED64E13,PIC,PIC,1
D268DEA1-67DC-4AA4-9C9A-C64524D34300,UPF,UPF,1
D3DF5F91-78BE-48F1-A946-C7D292252815,IWA,IWA,1
8BC0F342-BA6E-423E-8718-C9FCC3B33D8E,BAU,BAU,1
8641072E-19FE-41A2-89A9-CA4BA0EA095A,QLP,QLP,1
820D35D6-6AD9-4E2B-A14B-CA5B07A883B3,PVM,PVM,1
B7964BCA-E2FD-4D49-BCC8-CB0B53C3788B,PRO,PRO,1
98B4D00D-12A0-4FCB-A483-CB7E9251D268,UND,UND,1
B7FA9F02-4F0A-4C39-BB15-CC379905C308,YIC,YIC,1
A5404ED7-0795-429B-96BD-CD95B51C84A0,DC,DC,1
61F7BCA4-D095-4031-928A-CDA5DB911FD1,MED,MED,1
DA1ACF60-8202-4427-8DC3-CE91C6B7DDCA,ABB,ABB,1
09F57149-7585-4F94-8D43-CF09D2EE807C,AGO,AGO,1
97F66ED2-0532-4CC1-9C63-CF146E5963FD,FDL,FDL,1
0AD6EF39-B8C0-4671-BAB1-D1B3C580EADA,CDP,CDP,1
0E1B0A91-5545-4030-9AAB-D7B718E78B3B,PER,PER,1
E82B6DDF-5BC6-4785-BD69-D7EBC51ED43D,QSK,QSK,1
E2374E9F-CC0A-4B7C-8830-D8AD0192C5E8,CEL,CEL,1
74C3774D-F977-4DE3-ABE1-D951D3AB3AB6,LCP,LCP,1
F4E28307-FCC8-4414-8147-D995B35491AB,ALT,ALT,1
F5370532-B9C8-4D9A-8F7D-E01A33EF96BC,JEI,JEI,1
AFE5B8AC-36A5-4824-A434-E0F6978B19A2,IMP,IMP,1
97B991C6-563C-48DD-9A13-E1430683CC79,SUM,SUM,1
A72352B9-352D-4A7F-AB63-E2B489957611,DCN,DCN,1
17415174-6EAF-49D1-9710-E463C9633DEC,BEI,BEI,1
CFA16448-07FD-4FEC-A4CF-E5D4FAC9D47F,UNS,UNS,1
F1FD8635-C585-4209-AE97-EA25C9FA7CC7,PPN,PPN,1
CC26BF86-3332-4EA6-9DBA-ED24F39C6C1D,MDF,MDF,1
70DBE1AA-A2D5-4B7D-AEF7-F01D380BFEAB,LEI,LEI,1
70B54BE3-2B92-4889-8098-F49D4241D1F9,PNA,PNA,1
68E06E57-6378-45A3-8220-F4C11F1FB109,SUR,SUR,1
BAF4663F-6650-46EC-992A-F62CF0941973,SBR,SBR,1
AF470452-69B3-416F-BE1C-F644870BA2E9,EXC,EXC,1
80B6619C-1E0D-49D3-932F-FA6BF634DDAC,BEL,BEL,1
20E64686-15A6-49C5-9EE3-FD34295B61B0,ZAI,ZAI,1